[
{
    "domain": ".chdbits.co",
    "expirationDate": 1577857961.903016,
    "hostOnly": false,
    "httpOnly": true,
    "name": "__cfduid",
    "path": "/",
    "sameSite": "no_restriction",
    "secure": false,
    "session": false,
    "storeId": "0",
    "value": "de168472adf7727775785b4c1383cc3e91546321962",
    "id": 1
},
{
    "domain": "chdbits.co",
    "expirationDate": 2147483647.234427,
    "hostOnly": true,
    "httpOnly": false,
    "name": "c_secure_login",
    "path": "/",
    "sameSite": "no_restriction",
    "secure": false,
    "session": false,
    "storeId": "0",
    "value": "bm9wZQ%3D%3D",
    "id": 2
},
{
    "domain": "chdbits.co",
    "expirationDate": 2147483647.234398,
    "hostOnly": true,
    "httpOnly": false,
    "name": "c_secure_pass",
    "path": "/",
    "sameSite": "no_restriction",
    "secure": false,
    "session": false,
    "storeId": "0",
    "value": "c675ae7ab2661ea5d9be9b961959388f",
    "id": 3
},
{
    "domain": "chdbits.co",
    "expirationDate": 2147483647.234408,
    "hostOnly": true,
    "httpOnly": false,
    "name": "c_secure_ssl",
    "path": "/",
    "sameSite": "no_restriction",
    "secure": false,
    "session": false,
    "storeId": "0",
    "value": "eWVhaA%3D%3D",
    "id": 4
},
{
    "domain": "chdbits.co",
    "expirationDate": 2147483647.234417,
    "hostOnly": true,
    "httpOnly": false,
    "name": "c_secure_tracker_ssl",
    "path": "/",
    "sameSite": "no_restriction",
    "secure": false,
    "session": false,
    "storeId": "0",
    "value": "eWVhaA%3D%3D",
    "id": 5
},
{
    "domain": "chdbits.co",
    "expirationDate": 2147483647.234378,
    "hostOnly": true,
    "httpOnly": false,
    "name": "c_secure_uid",
    "path": "/",
    "sameSite": "no_restriction",
    "secure": false,
    "session": false,
    "storeId": "0",
    "value": "MTEwMjcy",
    "id": 6
}
]