[{    "domain": ".hdchina.org",    "expirationDate": 1571114107.695745,    "hostOnly": false,    "httpOnly": true,    "name": "__cfduid",    "path": "/",    "sameSite": "no_restriction",    "secure": false,    "session": false,    "storeId": "0",    "value": "d8e6a2bc631f7b13c3f553e5116db229d1539578107",    "id": 1},{    "domain": "hdchina.org",    "expirationDate": 2147483647.96102,    "hostOnly": true,    "httpOnly": false,    "name": "c_lang_folder",    "path": "/",    "sameSite": "no_restriction",    "secure": false,    "session": false,    "storeId": "0",    "value": "chs",    "id": 2},{    "domain": "hdchina.org",    "expirationDate": 2147483647.961019,    "hostOnly": true,    "httpOnly": false,    "name": "mv_secure_login",    "path": "/",    "sameSite": "no_restriction",    "secure": false,    "session": false,    "storeId": "0",    "value": "bm9wZQ%3D%3D",    "id": 3},{    "domain": "hdchina.org",    "expirationDate": 2147483647.961016,    "hostOnly": true,    "httpOnly": false,    "name": "mv_secure_pass",    "path": "/",    "sameSite": "no_restriction",    "secure": false,    "session": false,    "storeId": "0",    "value": "7c5416e924ea69a0dc0d824b563fee1e",    "id": 4},{    "domain": "hdchina.org",    "expirationDate": 2147483647.961017,    "hostOnly": true,    "httpOnly": false,    "name": "mv_secure_ssl",    "path": "/",    "sameSite": "no_restriction",    "secure": false,    "session": false,    "storeId": "0",    "value": "eWVhaA%3D%3D",    "id": 5},{    "domain": "hdchina.org",    "expirationDate": 2147483647.961018,    "hostOnly": true,    "httpOnly": false,    "name": "mv_secure_tracker_ssl",    "path": "/",    "sameSite": "no_restriction",    "secure": false,    "session": false,    "storeId": "0",    "value": "eWVhaA%3D%3D",    "id": 6},{    "domain": "hdchina.org",    "expirationDate": 2147483647.961015,    "hostOnly": true,    "httpOnly": false,    "name": "mv_secure_uid",    "path": "/",    "sameSite": "no_restriction",    "secure": false,    "session": false,    "storeId": "0",    "value": "MzE4MzQ2",    "id": 7}]
