[
{
    "domain": ".hdcmct.org",
    "expirationDate": 1609385631,
    "hostOnly": false,
    "httpOnly": false,
    "name": "__utma",
    "path": "/",
    "sameSite": "no_restriction",
    "secure": false,
    "session": false,
    "storeId": "0",
    "value": "220415681.879001427.1546313606.1546313606.1546313606.1",
    "id": 1
},
{
    "domain": ".hdcmct.org",
    "expirationDate": 1546315431,
    "hostOnly": false,
    "httpOnly": false,
    "name": "__utmb",
    "path": "/",
    "sameSite": "no_restriction",
    "secure": false,
    "session": false,
    "storeId": "0",
    "value": "220415681.5.10.1546313606",
    "id": 2
},
{
    "domain": ".hdcmct.org",
    "hostOnly": false,
    "httpOnly": false,
    "name": "__utmc",
    "path": "/",
    "sameSite": "no_restriction",
    "secure": false,
    "session": true,
    "storeId": "0",
    "value": "220415681",
    "id": 3
},
{
    "domain": ".hdcmct.org",
    "expirationDate": 1546314205,
    "hostOnly": false,
    "httpOnly": false,
    "name": "__utmt",
    "path": "/",
    "sameSite": "no_restriction",
    "secure": false,
    "session": false,
    "storeId": "0",
    "value": "1",
    "id": 4
},
{
    "domain": ".hdcmct.org",
    "expirationDate": 1562081631,
    "hostOnly": false,
    "httpOnly": false,
    "name": "__utmz",
    "path": "/",
    "sameSite": "no_restriction",
    "secure": false,
    "session": false,
    "storeId": "0",
    "value": "220415681.1546313606.1.1.utmcsr=(direct)|utmccn=(direct)|utmcmd=(none)",
    "id": 5
},
{
    "domain": "hdcmct.org",
    "expirationDate": 1547609622.337856,
    "hostOnly": true,
    "httpOnly": false,
    "name": "c_secure_login",
    "path": "/",
    "sameSite": "no_restriction",
    "secure": false,
    "session": false,
    "storeId": "0",
    "value": "bm9wZQ%3D%3D",
    "id": 6
},
{
    "domain": "hdcmct.org",
    "expirationDate": 1547609622.337821,
    "hostOnly": true,
    "httpOnly": false,
    "name": "c_secure_pass",
    "path": "/",
    "sameSite": "no_restriction",
    "secure": false,
    "session": false,
    "storeId": "0",
    "value": "da35265f850f793cdae6a15339d82d5d",
    "id": 7
},
{
    "domain": "hdcmct.org",
    "expirationDate": 1547609622.337833,
    "hostOnly": true,
    "httpOnly": false,
    "name": "c_secure_ssl",
    "path": "/",
    "sameSite": "no_restriction",
    "secure": false,
    "session": false,
    "storeId": "0",
    "value": "eWVhaA%3D%3D",
    "id": 8
},
{
    "domain": "hdcmct.org",
    "expirationDate": 1547609622.337845,
    "hostOnly": true,
    "httpOnly": false,
    "name": "c_secure_tracker_ssl",
    "path": "/",
    "sameSite": "no_restriction",
    "secure": false,
    "session": false,
    "storeId": "0",
    "value": "bm9wZQ%3D%3D",
    "id": 9
},
{
    "domain": "hdcmct.org",
    "expirationDate": 1547609622.337796,
    "hostOnly": true,
    "httpOnly": false,
    "name": "c_secure_uid",
    "path": "/",
    "sameSite": "no_restriction",
    "secure": false,
    "session": false,
    "storeId": "0",
    "value": "ODkwODg%3D",
    "id": 10
}
]