[
{
    "domain": ".hdsky.me",
    "expirationDate": 1558061766,
    "hostOnly": false,
    "httpOnly": false,
    "name": "UM_distinctid",
    "path": "/",
    "sameSite": "no_restriction",
    "secure": false,
    "session": false,
    "storeId": "0",
    "value": "1671a726ff0f5-07cd6a41c9d83c-4313362-100200-1671a726ff13eb",
    "id": 1
},
{
    "domain": "hdsky.me",
    "expirationDate": 2147483646.441587,
    "hostOnly": true,
    "httpOnly": false,
    "name": "c_secure_login",
    "path": "/",
    "sameSite": "no_restriction",
    "secure": false,
    "session": false,
    "storeId": "0",
    "value": "bm9wZQ%3D%3D",
    "id": 2
},
{
    "domain": "hdsky.me",
    "expirationDate": 2147483646.441584,
    "hostOnly": true,
    "httpOnly": false,
    "name": "c_secure_pass",
    "path": "/",
    "sameSite": "no_restriction",
    "secure": false,
    "session": false,
    "storeId": "0",
    "value": "d983f59340fce92344814b8cfcc3135e",
    "id": 3
},
{
    "domain": "hdsky.me",
    "expirationDate": 2147483646.441585,
    "hostOnly": true,
    "httpOnly": false,
    "name": "c_secure_ssl",
    "path": "/",
    "sameSite": "no_restriction",
    "secure": false,
    "session": false,
    "storeId": "0",
    "value": "eWVhaA%3D%3D",
    "id": 4
},
{
    "domain": "hdsky.me",
    "expirationDate": 2147483646.441586,
    "hostOnly": true,
    "httpOnly": false,
    "name": "c_secure_tracker_ssl",
    "path": "/",
    "sameSite": "no_restriction",
    "secure": false,
    "session": false,
    "storeId": "0",
    "value": "eWVhaA%3D%3D",
    "id": 5
},
{
    "domain": "hdsky.me",
    "expirationDate": 2147483646.441583,
    "hostOnly": true,
    "httpOnly": false,
    "name": "c_secure_uid",
    "path": "/",
    "sameSite": "no_restriction",
    "secure": false,
    "session": false,
    "storeId": "0",
    "value": "ODczMTQ%3D",
    "id": 6
},
{
    "domain": "hdsky.me",
    "expirationDate": 1558061778,
    "hostOnly": true,
    "httpOnly": false,
    "name": "CNZZDATA5476511",
    "path": "/",
    "sameSite": "no_restriction",
    "secure": false,
    "session": false,
    "storeId": "0",
    "value": "cnzz_eid%3D1470899625-1542336542-https%253A%252F%252Fhdsky.me%252F%26ntime%3D1542336542",
    "id": 7
}
]