[{    "domain": ".ourbits.club",    "expirationDate": 1572782341.810296,    "hostOnly": false,    "httpOnly": true,    "name": "__cfduid",    "path": "/",    "sameSite": "no_restriction",    "secure": false,    "session": false,    "storeId": "0",    "value": "d4163998b0527faa01e26af528be2b91a1541246341",    "id": 1},{    "domain": "ourbits.club",    "expirationDate": 1543838354.014296,    "hostOnly": true,    "httpOnly": false,    "name": "c_secure_login",    "path": "/",    "sameSite": "no_restriction",    "secure": false,    "session": false,    "storeId": "0",    "value": "bm9wZQ%3D%3D",    "id": 2},{    "domain": "ourbits.club",    "expirationDate": 1543838354.013297,    "hostOnly": true,    "httpOnly": false,    "name": "c_secure_pass",    "path": "/",    "sameSite": "no_restriction",    "secure": false,    "session": false,    "storeId": "0",    "value": "824126202e0eee3f91016afa23901c57",    "id": 3},{    "domain": "ourbits.club",    "expirationDate": 1543838354.013298,    "hostOnly": true,    "httpOnly": false,    "name": "c_secure_ssl",    "path": "/",    "sameSite": "no_restriction",    "secure": false,    "session": false,    "storeId": "0",    "value": "eWVhaA%3D%3D",    "id": 4},{    "domain": "ourbits.club",    "expirationDate": 1543838354.013299,    "hostOnly": true,    "httpOnly": false,    "name": "c_secure_tracker_ssl",    "path": "/",    "sameSite": "no_restriction",    "secure": false,    "session": false,    "storeId": "0",    "value": "bm9wZQ%3D%3D",    "id": 5},{    "domain": "ourbits.club",    "expirationDate": 1543838354.013296,    "hostOnly": true,    "httpOnly": false,    "name": "c_secure_uid",    "path": "/",    "sameSite": "no_restriction",    "secure": false,    "session": false,    "storeId": "0",    "value": "MzQ2OTE%3D",    "id": 6}]
