[
{
    "domain": ".totheglory.im",
    "expirationDate": 1580374649.566703,
    "hostOnly": false,
    "httpOnly": true,
    "name": "__cfduid",
    "path": "/",
    "sameSite": "no_restriction",
    "secure": true,
    "session": false,
    "storeId": "0",
    "value": "defd01f9d4cb4ca69afb83a07ef67234a1548925025",
    "id": 1
},
{
    "domain": ".totheglory.im",
    "expirationDate": 1611910689,
    "hostOnly": false,
    "httpOnly": false,
    "name": "__utma",
    "path": "/",
    "sameSite": "no_restriction",
    "secure": false,
    "session": false,
    "storeId": "0",
    "value": "230798618.1830775249.1548838666.1548838666.1548838666.1",
    "id": 2
},
{
    "domain": ".totheglory.im",
    "expirationDate": 1548840489,
    "hostOnly": false,
    "httpOnly": false,
    "name": "__utmb",
    "path": "/",
    "sameSite": "no_restriction",
    "secure": false,
    "session": false,
    "storeId": "0",
    "value": "230798618.3.10.1548838666",
    "id": 3
},
{
    "domain": ".totheglory.im",
    "hostOnly": false,
    "httpOnly": false,
    "name": "__utmc",
    "path": "/",
    "sameSite": "no_restriction",
    "secure": false,
    "session": true,
    "storeId": "0",
    "value": "230798618",
    "id": 4
},
{
    "domain": ".totheglory.im",
    "expirationDate": 1548839265,
    "hostOnly": false,
    "httpOnly": false,
    "name": "__utmt",
    "path": "/",
    "sameSite": "no_restriction",
    "secure": false,
    "session": false,
    "storeId": "0",
    "value": "1",
    "id": 5
},
{
    "domain": ".totheglory.im",
    "expirationDate": 1564606689,
    "hostOnly": false,
    "httpOnly": false,
    "name": "__utmz",
    "path": "/",
    "sameSite": "no_restriction",
    "secure": false,
    "session": false,
    "storeId": "0",
    "value": "230798618.1548838666.1.1.utmcsr=(direct)|utmccn=(direct)|utmcmd=(none)",
    "id": 6
},
{
    "domain": ".totheglory.im",
    "expirationDate": 1611910689,
    "hostOnly": false,
    "httpOnly": false,
    "name": "_ga",
    "path": "/",
    "sameSite": "no_restriction",
    "secure": false,
    "session": false,
    "storeId": "0",
    "value": "GA1.2.1830775249.1548838666",
    "id": 7
},
{
    "domain": ".totheglory.im",
    "expirationDate": 1548838726,
    "hostOnly": false,
    "httpOnly": false,
    "name": "_gat",
    "path": "/",
    "sameSite": "no_restriction",
    "secure": false,
    "session": false,
    "storeId": "0",
    "value": "1",
    "id": 8
},
{
    "domain": ".totheglory.im",
    "expirationDate": 1548925089,
    "hostOnly": false,
    "httpOnly": false,
    "name": "_gid",
    "path": "/",
    "sameSite": "no_restriction",
    "secure": false,
    "session": false,
    "storeId": "0",
    "value": "GA1.2.1554290995.1548838667",
    "id": 9
},
{
    "domain": ".totheglory.im",
    "expirationDate": 1564563466,
    "hostOnly": false,
    "httpOnly": false,
    "name": "UM_distinctid",
    "path": "/",
    "sameSite": "no_restriction",
    "secure": false,
    "session": false,
    "storeId": "0",
    "value": "1689dfa7f903a0-07ca1780c33758-5e1d3712-15f900-1689dfa7f911a",
    "id": 10
},
{
    "domain": "totheglory.im",
    "expirationDate": 1564563489,
    "hostOnly": true,
    "httpOnly": false,
    "name": "CNZZDATA4085974",
    "path": "/",
    "sameSite": "no_restriction",
    "secure": false,
    "session": false,
    "storeId": "0",
    "value": "cnzz_eid%3D1309458665-1548924758-https%253A%252F%252Ftotheglory.im%252F%26ntime%3D1548924758",
    "id": 11
},
{
    "domain": "totheglory.im",
    "hostOnly": true,
    "httpOnly": false,
    "name": "laccess",
    "path": "/",
    "sameSite": "no_restriction",
    "secure": true,
    "session": true,
    "storeId": "0",
    "value": "1548925041",
    "id": 12
},
{
    "domain": "totheglory.im",
    "hostOnly": true,
    "httpOnly": true,
    "name": "pass",
    "path": "/",
    "sameSite": "no_restriction",
    "secure": true,
    "session": true,
    "storeId": "0",
    "value": "98a8a8c0d0539df6e8831e4554c5a4a6",
    "id": 13
},
{
    "domain": "totheglory.im",
    "hostOnly": true,
    "httpOnly": false,
    "name": "PHPSESSID",
    "path": "/",
    "sameSite": "no_restriction",
    "secure": false,
    "session": true,
    "storeId": "0",
    "value": "clgv4etp9omqkn95c6aui7mrg6",
    "id": 14
},
{
    "domain": "totheglory.im",
    "hostOnly": true,
    "httpOnly": true,
    "name": "uid",
    "path": "/",
    "sameSite": "no_restriction",
    "secure": true,
    "session": true,
    "storeId": "0",
    "value": "148217",
    "id": 15
}
]